P1,2008,Datuk Seri Mohd. Azmi Khalid,UMNO,16991  
P1,2008,Zolkharnain Abidin,PAS,11643 
P1,2004,Datuk Seri Azmi Khalid,UMNO,18323  
P1,2004,Wan Kharizal Wan Khazim,PAS,9058 

P2,2008,Datuk Seri Radzi Sheikh Ahmad,UMNO,23821  
P2,2008,Tunku Abdul Rahman Tunku Ismail,PKR,10150 
P2,2004,Datuk Radzi Sheikh Ahmad,UMNO,22498  
P2,2004,Ishar Saad,PAS,9950 

P3,2008,Datuk Ismail Kassim,UMNO,16451  
P3,2008,Datuk Dr.Haron Din,PAS,16151 
P3,2004,Datuk Seri Syed Razlan Syed Putra Jamalullail,UMNO,17367  
P3,2004,Datuk Dr Haron Din,PAS,14124 

P4,2008,Dato Paduka Abu Bakar Taib,UMNO,13762  
P4,2008,Wan Salleh Wan Isa,PKR,8792 
P4,2004,Datuk Abu Bakar Taib,UMNO,16510  
P4,2004,Zubir Ahmad,PAS,5738 

P5,2008,Dato Mukhriz Mahathir,UMNO,19424  
P5,2008,Idris Ahmad,PAS,17219 
P5,2004,Datuk Abdul Rahman Ariffin,UMNO,19123  
P5,2004,Idris Ahmad,PAS,16981 

P6,2008,Datuk Mohd Johari Baharum,UMNO,24179  
P6,2008,Dr Isa Ismail,PAS,17119 
P6,2004,Datuk Mohd Johari Baharom,UMNO,26657  
P6,2004,Dr Abdul Isa Ismail,PAS,12945 

P7,2008,Datuk Paduka Ghazali Ibrahim,UMNO,14634 
P7,2008,Mohd Nasir Zakaria,PAS,15003  
P7,2004,Datuk Ghazali Ibrahim,UMNO,14776  
P7,2004,Zawawi Haji Ahmad,PAS,12604 

P8,2008,Datuk Paduka Abdul Rahman Ibrahim,UMNO,23956 
P8,2008,Mahfuz Omar,PAS,29687  
P8,2004,Datuk Abdul Rahman Ibrahim,UMNO,29740  
P8,2004,Mahfuz Omar,PAS,22440 

P9,2008,Datuk Chor Chee Heung,MCA,20741  
P9,2008,Gooi Hsiao Leung,PKR,20557 
P9,2004,Datuk Chor Chee Heung,MCA,28379  
P9,2004,Siti Nor Abdul Hamid,PKR,13864 

P10,2008,Datuk Hashim Jahaya,UMNO,28671 
P10,2008,Ahmad Kassim,PKR,35689  
P10,2004,Hashim Jahaya,UMNO,36707  
P10,2004,Mohamed Sabu,PAS,26493 

P11,2008,Datuk Paduka Md Rozai Shafian,UMNO,23238 
P11,2008,Dr Mohd Hayati Othman,PAS,27311  
P11,2004,MD Rozai Shafian,UMNO,24380 
P11,2004,Dr Mohd Hayati Othman,PAS,24430  

P12,2008,Datuk Paduka Badruddin Amiruldin,UMNO,24211 
P12,2008,Mohd Firdaus Ja'afar,PAS,26510  
P12,2004,Datuk Badruddin Amirudin,UMNO,30154  
P12,2004,Che bin Arshad,PAS,19749 

P13,2008,Othman Desa,UMNO,16383 
P13,2008,Che Uda Che Nik,PAS,16864  
P13,2004,Datuk Dr Wan Azmi Wan Ariffin,UMNO,15357  
P13,2004,Azizan Abdul Razak,PAS,15038 

P14,2008,Tajul Urus Mat Zain,UMNO,22443 
P14,2008,Datuk Rashid Din,PKR,25541  
P14,2004,Datuk Zainuddin Maidin,UMNO,29607  
P14,2004,Saiful Izham Ramli,PKR,14162 

P15,2008,Datuk Zainuddin Maidin,UMNO,24441 
P15,2008,Johari Abdul,PKR,33822  
P15,2004,Datuk Mahadzir Mohd Khir,UMNO,36067  
P15,2004,Zamri Yusof,PKR,18565 

P16,2008,Datuk Abd Azeez Abd Rahim,UMNO,28461 
P16,2008,Taib Azamudden Md Taib,PAS,36074  
P16,2004,Datuk Dr Mashitah Ibrahim,UMNO,32661  
P16,2004,Taib Azamudden Md Taib,PAS,28432 

P17,2008,Datuk Boey Chin Gan,MCA,17036 
P17,2008,N. Gobalakrishnan,PKR,28774  
P17,2004,Lim Bee Kau,MCA,26269  
P17,2004,Saifuddin Nasution Ismail,PKR,15953 

P18,2008,Datuk Abdul Aziz Sheikh Fadzir,UMNO,16672 
P18,2008,Zulkifli Noordin,PKR,22255  
P18,2004,Datuk Paduka Abdul Kadir Sheikh Fadzir,UMNO,22556  
P18,2004,Alwi Mohamed Yusop,PKR,14558 

P19,2008,Dr Asraf Wajdi Dusuki,UMNO,27337 
P19,2008,Datuk Kamaruddin Jaafar,PAS,36714  
P19,2004,Mat Nawawi Mat Jusoh,UMNO,26099 
P19,2004,Datuk Kamarudin Jaafar,PAS,27919  

P20,2008,Rahim Mohd Zain,UMNO,15452 
P20,2008,Datuk Abd Halim Abd Rahman,PAS,26763  
P20,2004,Datuk Dr Nik Mohd Zain Omar,UMNO,14399 
P20,2004,Datuk Ab Halim Ab Rahman,PAS,20621  

P21,2008,Datuk Mohd Fatmi Che Salleh,UMNO,20841 
P21,2008,Datuk Wan Abdul Rahim Wan Abdullah,PAS,32129  
P21,2004,Datuk Zaid Ibrahim,UMNO,23831  
P21,2004,Nik Mahmood Nik Hassan,PKR,22108 

P22,2008,Ahmed Rasdi Mahmed,UMNO,19682 
P22,2008,Datuk Ibrahim Ali,PAS,28673  
P22,2004,Datuk Abd Rahim Ab Rahman,UMNO,16275 
P22,2004,Ismail Noh,PAS,17526  
P22,2004,Datuk Ibrahim Ali,Ind,6198

P23,2008,Mohd Afandi Yusoff,UMNO,14858 
P23,2008,Siti Zailah Mohd Yusoff,PAS,19344  
P23,2008,Isma Airfath Hassanuddin,IND,330
P23,2004,Mohd Daud Hamat,UMNO,14295 
P23,2004,Abdul Fatah Haron,PAS,15027  

P24,2008,Ab Ghani Mamat,UMNO,16537 
P24,2008,Salahuddin Ayub,PAS,27179  
P24,2004,Datuk Ahmad Rusli Iberahim,UMNO,15803 
P24,2004,Salahuddin Ayub,PAS,21430  

P25,2008,Dr Awang Adek Hussin,UMNO,25934 
P25,2008,Nasharudin Mat Isa,PAS,28835  
P25,2004,Datuk Dr Awang Adek Hussin,UMNO,25194  
P25,2004,Wan Nik Wan Yusof,PAS,21922 

P26,2008,Datuk Seri Annuar Musa,UMNO,21338 
P26,2008,Abdul Aziz Kadir,PKR,21738  
P26,2004,Md Alwi Che Ahmad,UMNO,20024  
P26,2004,Muamad Mustafa,PKR,17136 

P27,2008,Datuk Shaari Hasan,UMNO,15970 
P27,2008,Amran Ab Ghani,PKR,17554  
P27,2008,Asmadi Abu Bakar,IND,1439
P27,2004,Shaari Hassan,UMNO,16107  
P27,2004,Saupi Daud,PKR,13580 

P28,2008,Amran Mat Nor,UMNO,24397 
P28,2008,Muhammad Husain,PAS,28365  
P28,2004,Che Min Che Ahmad,UMNO,23208 
P28,2004,Kalthom Othman,PAS,27018  

P29,2008,Sazmi Miah,UMNO,19581 
P29,2008,Saifuddin Nasution Ismail,PKR,21041  
P29,2004,Sazmi Miah,UMNO,17464  
P29,2004,Mohd Yusof Mohd Noor,PAS,17329 

P30,2008,Datuk Mustapa Mohamed,UMNO,17168  
P30,2008,Mohd Apandi Mohamad,PAS,12732 
P30,2004,Datuk Mustapa Mohamed,UMNO,16960  
P30,2004,Mohd Apandi Mohamed,PAS,9607 

P31,2008,Prof Datuk Dr Che Musa Che Omar,UMNO,18578 
P31,2008,Mohd Hatta Md Ramli,PAS,23562  
P31,2004,Mohammad Razali Che Mamat,UMNO,19148  
P31,2004,Abdul Rahim Wan Abdullah,PAS,16732 

P32,2008,Tan Sri Tengku Razaleigh Hamzah,UMNO,14063  
P32,2008,Zulkefli Muhamed,PAS,9669 
P32,2004,Tengku Razaleigh Hamzah,UMNO,13570  
P32,2004,Dr Zulkifli Ahmad,PAS,6972 

P33,2008,Datuk Dr Abdullah Mohd Zin,UMNO,29376  
P33,2008,Datuk Husain Awang,PAS,18786 
P33,2004,Prof Datuk Dr. Abdullah Mohd Zin,UMNO,26087  
P33,2004,Nasharudin Mat Isa,PAS,17587 

P34,2008,Mohd Jidin Shafee,UMNO,26610  
P34,2008,Mohd Pauzi Muda,PAS,19378 
P34,2004,Mohd Yusof Majid,UMNO,23079  
P34,2004,Che Ghani Che Ambak,PAS,16383 

P35,2008,Mohamed Nasir Ibrahim Fikri,UMNO,26439  
P35,2008,Mohd Shukrimun Shamsuddin,PAS,25098 
P35,2004,Che Azmi Abd Rahman,UMNO,24895  
P35,2004,Mohd Shukrimun Shamsudin,PAS,20798 

P36,2008,Datuk Razali Ismail,UMNO,32562  
P36,2008,Mohamad Sabu,PAS,31934 
P36,2008,Maimun Yusuf,IND,685
P36,2004,Razali Ismail,UMNO,30994  
P36,2004,Dr Syed Azam Syed Ahmad,PAS,29061 

P37,2008,Datuk Dr. Ahmad Ramzi Mohamad Zubir,UMNO,30688 
P37,2008,Datuk Seri Abdul Hadi Awang,PAS,33435  
P37,2004,Datuk Abdul Rahman Bakar,UMNO,28076  
P37,2004,Datuk Seri Abdul Hadi Awang,PAS,27913 

P38,2008,Mohd. Nor Othman,UMNO,27784  
P38,2008,Kamaruzaman Abdullah,PAS,17324 
P38,2004,Tengku Putera Tengku Awang,UMNO,23815  
P38,2004,Muhyidin Abd Rashid,PAS,16055 

P39,2008,Matulidi Jusoh,UMNO,29264  
P39,2008,Shamsul Iskandar @ Yusre Mohd Akin,PKR,24270 
P39,2004,Datuk Rosli Mat Hassan,UMNO,26398  
P39,2004,Datuk Mustafa Ali,PAS,21502 

P40,2008,Ahmad Shaberry Cheek,UMNO,37199  
P40,2008,Mohd Fariz Abd Talib @ Musa,PKR,24516 
P40,2004,Ahmad Shabery Chik,UMNO,36517  
P40,2004,Abdl Rahman Yusof,PKR,20635 

P41,2008,Datuk Seri Abdullah Ahmad Badawi,UMNO,23445  
P41,2008,Subri Arshad,PAS,12199 
P41,2004,Datuk Seri Abdullah Ahmad Badawi,UMNO,25403  
P41,2004,Abdul Rashid Rasid,PAS,7281 

P42,2008,Tan Sri Nor Mohamed Yakcop,UMNO,20448  
P42,2008,Ismail Salleh,PAS,15901 
P42,2004,Datuk Seri Mohd Shariff Omar,UMNO,22011  
P42,2004,Mujahid Yusof Rawa,PAS,11828 

P43,2008,Song Choy Leng,MCA,11678 
P43,2008,Lim Guan Eng,DAP,33748  
P43,2004,Lim Chien Aun,MCA,19473 
P43,2004,Lim Hock Seng,DAP,23095  

P44,2008,Datuk Pirdaus Ismail,UMNO,16950 
P44,2008,Wan Azizah Wan Ismail,PKR,30348  
P44,2004,Datuk Pirdaus Ismail,UMNO,21147 
P44,2004,Datin Seri Dr Wan Azizah Wan Ismail,PKR,21737  

P45,2008,Ong Tang Chuan,MCA,22050 
P45,2008,Chong Eng,DAP,37882  
P45,2004,Ma Kok Ben,MCA,17651 
P45,2004,Chong Eng,DAP,26215  

P46,2008,Tan Sri Dr. Koh Tsu Koon,GERAKAN,13582 
P46,2008,Dr P Ramasamy,DAP,23067  
P46,2004,Huan Cheng Guan,GERAKAN,17097  
P46,2004,Law Choo Kian,PKR,8099 
P46,2004,Tanasekharan a/l Audherapady,DAP,6552

P47,2008,Datuk Zainal Abidin Osman,UMNO,17123 
P47,2008,Tan Tee Beng,PKR,20210  
P47,2004,Datuk Zainal Abidin Osman,UMNO,18823  
P47,2004,Goh Kheng Huat,PKR,12818 

P48,2008,Datuk Seri Chia Kwang Chye,GERAKAN,15131 
P48,2008,Liew Chin Tong,DAP,31243  
P48,2004,Chia Kwang Chye,GERAKAN,28281  
P48,2004,Zulkifli Mohd Noor,DAP,17564 

P49,2008,Khaw Veon Szu,GERAKAN,9759 
P49,2008,Chow Kon Yeow,DAP,28248  
P49,2004,Ooi Swee Hing,GERAKAN,17424 
P49,2004,Chow Kon Yeow,DAP,21652  

P50,2008,Dr Thor Teong Gee,GERAKAN,14247 
P50,2008,Jeff Ooi,DAP,30493  
P50,2008,Badrul Zaman P.S. Md Zakariah,IND,882
P50,2004,Lee Kah Choon,GERAKAN,24988  
P50,2004,Gooi Seong Kin,DAP,17518 

P51,2008,Koay Har Huah,MCA,14125 
P51,2008,Karpal Singh,DAP,35140  
P51,2004,Lim Boo Chang,MCA,21268 
P51,2004,Karpal Singh,DAP,22529  

P52,2008,Ooi Swee Kim,MCA,16589 
P52,2008,Zahrain Mohamed Hashim,PKR,27618  
P52,2004,Wong Kam Hoong,MCA,29430  
P52,2004,Ong Peng Cheow,PKR,10579 

P53,2008,Datuk Dr Norraessah Mohamad,UMNO,15041 
P53,2008,Mohd Yusmadi Mohd Yusoff,PKR,15749  
P53,2004,Datuk Dr Hilmi Yahaya,UMNO,21114  
P53,2004,Dr Rohana Ariffin,PKR,8177 

P54,2008,Datuk Tan Lian Hoe,GERAKAN,12526  
P54,2008,Mohd. Noor Abdul Rahman,PAS,6953 
P54,2004,Datuk Dr Wan Hashim Wan Teh,UMNO,12293  
P54,2004,Ramli Tusin,PAS,4213 

P55,2008,Datuk Samsul Anuar Nasarah,UMNO,10992  
P55,2008,Muhamad Zulkifli Mohamad Zakaria,PAS,6073 
P55,2004,Datil Khamsiyah Yeop,UMNO,10924  
P55,2004,Zulkifli Abu,PAS,5292 

P56,2008,Datuk Hamzah Zainuddin,UMNO,15878  
P56,2008,Dr. Mohd. Dhari Othman,PAS,13967 
P56,2004,Datuk Raja Ahmad Zainuddin Raja Omar,UMNO,18421  
P56,2004,Kamaruddin Awang Basir,PAS,10983 

P57,2008,Senator Datuk Abdul Raman Suliman,UMNO,13670 
P57,2008,Dr. Mujahid Yusof Rawa,PAS,21221  
P57,2004,Brig (G) Datuk Abd Hamid Ngah @ Zainal Abidin,UMNO,19317  
P57,2004,Datuk Dr Hasan Mohd Ali,PAS,14619 

P58,2008,Datuk Zainal Abidin Zin,UMNO,15530 
P58,2008,Mohsin Fadzli Haji Samsuri,PKR,18943  
P58,2004,Datuk Zainal Abidin Zin,UMNO,19827  
P58,2004,Ahmad Awang,PAS,14213 

P59,2008,Datuk Azim Zabidi,UMNO,18449 
P59,2008,Roslan Shaharum,PAS,20015  
P59,2008,M Morgan,IND,872
P59,2004,Tan Lian Hoe,GERAKAN,16846  
P59,2004,Dr Lo Lo Mohamed Ghazli,PAS,10144 

P60,2008,Datuk M Kayveas,PPP,16800 
P60,2008,Nga Kor Ming,DAP,28098  
P60,2004,Datuk M Kayveas,PPP,20129  
P60,2004,Ong Chee Keng,DAP,17957 
P60,2004,P Annah Dorai,PKR,4371

P61,2008,Datuk Seri Mohd. Nazri Aziz,UMNO,9830  
P61,2008,Alias Zenon,PKR,8081 
P61,2004,Datuk Seri Mohamed Nazri Abd Aziz,UMNO,9214  
P61,2004,Mohd Zolkafli Yahaya,PKR,4442 

P62,2008,Datuk Seri S.Samy Vellu,MIC,14637 
P62,2008,Michael Jeyakumar Devaraj,PKR,16458  
P62,2008,Nor Rizan Oon,IND,864
P62,2004,Datuk Seri Samy Vellu,MIC,18797  
P62,2004,Dr Michael Jeyakumar Devaraj,PKR,8562 
P62,2004,Samugam Ponmugam Ponnan,DAP,2864

P63,2008,Datuk Ahmad Husni Hanadzlah,UMNO,27942  
P63,2008,Mohamad Asri Othman,PKR,22556 
P63,2004,Datuk Ahmad Husni Hanadzlah,UMNO,31824  
P63,2004,Dr Khairuddin Datuk Abdul Malek,PAS,14464 

P64,2008,Liew Mun Hon,MCA,15422 
P64,2008,Lim Kit Siang,DAP,37364  
P64,2004,Thong Fah Chong,MCA,19077 
P64,2004,Lim Kit Siang,DAP,28851  

P65,2008,Yik Phooi Hong,MCA,17042 
P65,2008,M. Kulasegaran a/l V. Murugeson,DAP,32576  
P65,2004,Datuk Ir Ho Cheong Sing,MCA,22337 
P65,2004,M Kulasegaran,DAP,22935  

P66,2008,Cheah Yoke Can,MCA,15295 
P66,2008,Fong Po Kuan,DAP,39922  
P66,2004,Datuk Ong Ka Chuan,MCA,20735 
P66,2004,Fong Po Kuan,DAP,28662  

P67,2008,Datuk Seri Rafidah Aziz,UMNO,10735  
P67,2008,Dr. Khairudin Abdul Malik,PAS,9277 
P67,2004,Datuk Seri Rafidah Aziz,UMNO,11305  
P67,2004,Mohammad Nizak Jamaluddin,PAS,5748 

P68,2008,Datuk Chang Ko Youn,GERAKAN,14003 
P68,2008,Ngeh Koo Ham,DAP,15831  
P68,2004,Datuk Seri Lim Keng Yaik,GERAKAN,15867  
P68,2004,Nga Hock Cheh,DAP,11303 

P69,2008,Mohd. Nizar Zakaria,UMNO,12399  
P69,2008,Dr. Najihatussalehah Ahmad,PAS,9526 
P69,2004,Nasaruddin Hashim,UMNO,12808  
P69,2004,Muhammad Ismi Mat Taib,PAS,8112 

P70,2008,Datuk Lee Chee Leong,MCA,20126  
P70,2008,Keong Meng sing,DAP,17429 
P70,2004,Tan Sri Hew See Yong,MCA,23129  
P70,2004,Liew Ah Kim,DAP,13655 

P71,2008,Ling Hee Leong,MCA,22328 
P71,2008,Lee Boon Chye,PKR,29696  
P71,2004,Tan Sri Dr Ting Chew Peh,MCA,29660  
P71,2004,Dr Lee Boon Chye,PKR,15400 

P72,2008,Datuk M. Saravanan,MIC,14084  
P72,2008,Tan Seng Toh,PKR,11064 
P72,2004,Datuk S Veerasingam,MIC,16945  
P72,2004,Dr Mohd Radzi Othman,PAS,7359 

P73,2008,Datuk Tajuddin Abdul Rahman,UMNO,16928  
P73,2008,Mustaffa Kamil Ayub,PKR,14240 
P73,2004,Tan Sri Ramli Ngah Talib,UMNO,19422  
P73,2004,Muhaimin Sulam,PAS,10875 

P74,2008,Kong Cho Ha,MCA,25698  
P74,2008,Suwardi Sapuan,PKR,25400 
P74,2004,Kong Cho Ha,MCA,27415  
P74,2004,Mustafa Kamil Ayub,PKR,15801 

P75,2008,Datuk Ahmad Zahid Hamidi,UMNO,13115  
P75,2008,Madzi Hasan,PKR,10423 
P75,2004,Datuk Ahmad Zahid Hamidi,UMNO,17049  
P75,2004,A Ayadhurai,PKR,4510 

P76,2008,Mah Siew Keong,GERAKAN,17016 
P76,2008,M. Manogaran,DAP,18486  
P76,2004,Mah Siew Keong,GERAKAN,18665  
P76,2004,Wu Him Ven,DAP,8829 
P76,2004,N Gobalakrishnan,PKR,6128

P77,2008,Ong Ka Chuan,MCA,21016  
P77,2008,Mohamad Azman Marjohan,PKR,15594 
P77,2004,Datuk Loke Yuen Yow,MCA,24025  
P77,2004,Shamsuddin Abdul Rahman,PKR,9489 

P78,2008,S.K. Devamany,MIC,9164  
P78,2008,J Apalasamy,DAP,6047 
P78,2004,Devamany A/L Krishnasamy,MIC,10226  
P78,2004,Apalasamy A/L Jataliah,DAP,3966 

P79,2008,Muhamad Shahrum,UMNO,12611  
P79,2008,Mohamad Nilam Abdul Manap,PAS,8474 
P79,2004,Mohamad Shahrum Osman,UMNO,13870  
P79,2004,Mohd Zai Mustafa,PAS,6246 

P80,2008,Datuk Ng Yen Yen,MCA,18078  
P80,2008,Abu Bakar Lebai Sudin,DAP,15326 
P80,2004,Datuk Dr Ng Yen Yen,MCA,20472  
P80,2004,Choong Siew Oon,DAP,10650 

P81,2008,Tengku Azlan Sultan Abu Bakar,UMNO,19543  
P81,2008,Dr Hamzah Jaafar,PAS,17597 
P81,2004,Datuk Seri Tengku Azlan Sultan Abu Bakar,UMNO,21349  
P81,2004,Dr Hamzah Jaafar,PAS,12892 

P82,2008,Salamon Ali Rizal Abd Rahman,UMNO,18796 
P82,2008,Azan bin Ismail,PKR,19823  
P82,2004,Datuk Wan Adnan Wan Mamat,UMNO,25177  
P82,2004,Dzulkifli Ismail,PKR,10948 

P83,2008,Fu Ah Kiow,MCA,16572 
P83,2008,Fuziah binti Salleh,PKR,18398  
P83,2004,Datuk Fu Ah Kiow,MCA,21324  
P83,2004,Fuziah Salleh,PKR,12177 

P84,2008,Datuk Abdul Manan Ismail,UMNO,19355  
P84,2008,Mohd Jafri Ab Rashid,PKR,10852 
P84,2004,Datuk Seri Dr Siti Zaharah Sulaiman,UMNO,20474  
P84,2004,Saari Sungib,PKR,7956 

P85,2008,Najib Tun Razak,UMNO,36262  
P85,2008,Khairul Anuar Ahmad Zainudin,PKR,9798 
P85,2004,Datuk Seri Mohd Najib Tun Abdul Razak,UMNO,31956  
P85,2004,Brig Jen (B) Datuk Zakaria Dahlan,PAS,9034 

P86,2008,Ismail Abd Muttalib,UMNO,15868  
P86,2008,Masrudin Tantawi,PAS,9227 
P86,2004,Ismail Abdul Muttalib,UMNO,15725  
P86,2004,Datuk Tuan Ibrahim Tuan Man,PAS,8483 

P87,2008,Ismail Mohamed Said,UMNO,16165  
P87,2008,Kamal Shaari,PAS,10900 
P87,2004,Ismail Mohamed Said,UMNO,16021  
P87,2004,Musaniff Ab Rahman,PAS,8670 

P88,2008,Datuk Saifuddin Abdullah,UMNO,21381  
P88,2008,Ahmad Nizam Hamid,PKR,18940 
P88,2004,Datuk Mohd Sarit Yusoh,UMNO,24633  
P88,2004,Idris Omar,PAS,12026 

P89,2008,Liow Tiong Lai,MCA,25134  
P89,2008,G Ponusamy,PKR,12585 
P89,2004,Liow Tiong Lai,MCA,27144  
P89,2004,Abub Bakar Lebai Sudin,DAP,10305 

P90,2008,Datuk Ismail Sabri Yaakob,UMNO,18051  
P90,2008,Mazlan Aliman,PAS,14230 
P90,2004,Ismail Sabri Yaakob,UMNO,16714  
P90,2004,Dr Abdul Wahab Ismail,PAS,12244 

P91,2008,Datuk Sri Dr Jamaluddin Mohd Jarjis,UMNO,21308  
P91,2008,Mazlan Mohd Yasin,PAS,10629 
P91,2004,Datuk Dr Jamaluddin Mohd Jarjis,UMNO,19359  
P91,2004,Sukri Ahmad,PAS,10009 

P92,2008,Abd Rahman Bakri,UMNO,12055  
P92,2008,Badrul Amin Bahron,PKR,10720 
P92,2004,Datuk Mat Yasir Ikhsan,UMNO,13826  
P92,2004,Badrul Amin Bahron,PKR,8478 

P93,2008,Noriah Kasnon,UMNO,16069  
P93,2008,Dr Osman Sabran,PAS,11060 
P93,2004,Noriah Kasnon,UMNO,15337  
P93,2004,Sallehen Mukhyi,PAS,7988 

P94,2008,Datuk G. Palanivel,MIC,22979 
P94,2008,Zainal Abidin Ahmad,PKR,23177  
P94,2004,Datuk G Palanivel,MIC,27807  
P94,2004,Datuk Ismail Kamus,PAS,13324 

P95,2008,Datuk Noh Omar,UMNO,16073  
P95,2008,Hanipa Maidin,PAS,12253 
P95,2004,Datuk Noh Omar,UMNO,17750  
P95,2004,Abdul Ghani Samsudin,PAS,8742 

P96,2008,Jahaya Ibrahim,UMNO,17934 
P96,2008,Dr. Dzulkefly Ahmad,PAS,18796  
P96,2004,Mohd Daud Taripeh,UMNO,22001  
P96,2004,Raja Kamaruddin Raja Abdul Wahid,PKR,8339 

P97,2008,Lee Li Yew,MCA,27134 
P97,2008,William Leong Jee Keen,PKR,30701  
P97,2008,Koh Swe Yong,PRM,1332
P97,2004,Datuk Chan Kong Choy,MCA,36343  
P97,2004,Koh Swe Yong,PKR,13117 

P98,2008,Said Anuar b  Said Ahmad,UMNO,33467 
P98,2008,Mohamed Azmin Ali,PKR,40334  
P98,2004,Dr Raman Ismail,UMNO,39870  
P98,2004,Dr Mohd Hatta Md Ramli,PAS,26663 

P99,2008,Azman b Wahid,UMNO,23319 
P99,2008,Zuraida Kamaruddin,PKR,26995  
P99,2004,Dr Rozaidah Talib,UMNO,33214  
P99,2004,Dr A Xavier Jayakumar,PKR,13482 

P100,2008,Dato Ong Tee Keat,MCA,25236  
P100,2008,Syed Shahir Syed Mohamud,PKR,22275 
P100,2004,Datuk Ong Tee Keat,MCA,26721  
P100,2004,Iskandar Abdul Samad,PAS,12609 

P101,2008,Dato Markiman Kobiran,UMNO,34379 
P101,2008,Dr. Che Rosli Che Mat,PAS,36124  
P101,2004,Markiman Kobiran,UMNO,40937  
P101,2004,Datuk Yeop Adlan Che Rose,PAS,18160 

P102,2008,Dato' Hoh Hee Lee,MCA,26419 
P102,2008,Teo Nie Ching,DAP,47444  
P102,2004,Datuk Yap Pian Hon,MCA,34495  
P102,2004,Wong Kok Yew,DAP,23215 

P103,2008,Lau Yeng Peng,GERAKAN,22486 
P103,2008,Gobind Singh Deo,DAP,35079  
P103,2004,Lau Yeng Peng,GERAKAN,21291  
P103,2004,Dr Azmi Jamion @ Jemingon,PAS,9409 
P103,2004,Wong Choong Yun,DAP,9185

P104,2008,Dato Lee Hwa Beng,MCA,25267 
P104,2008,Gwo-Burne Loh,PKR,30298  
P104,2008,Billi Lim Peng Soon,IND,1895
P104,2004,Loh Seng Kok,MCA,35846  
P104,2004,Syed Shahir Syed Mohamed,PKR,14275 

P105,2008,Datuk Donald Lim Siang Chai,MCA,22892 
P105,2008,Hee Loy Sian,PKR,28598  
P105,2004,Datuk Donald Lim Siang Chai,MCA,35054  
P105,2004,R Sivarasa,PKR,13638 

P106,2008,Datin Paduka Chew Mei Fun,MCA,17879 
P106,2008,Tony Pua Kiam Wee,DAP,37851  
P106,2004,Chew Mei Fun,MCA,32422  
P106,2004,Ronnie Liu Tian Khiew,DAP,19379 

P107,2008,S Murugesan,MIC,28315 
P107,2008,R Sivarasa,PKR,35024  
P107,2004,Tan Sri KS Nijhar,MIC,32941  
P107,2004,Mohd Nasir Hashim,PKR,17481 

P108,2008,Datuk Abdul Aziz Shamsuddin,UMNO,24042 
P108,2008,Hj Khalid Abd Samad,PAS,33356  
P108,2004,Datuk Abdul Aziz Shamsuddin,UMNO,32417  
P108,2004,Khalid Abdul Samad,PAS,19007 

P109,2008,Datin Paduka P Komala Devi,MIC,35899 
P109,2008,S Manikavasagam,PKR,48196  
P109,2004,P Komaladevi,MIC,44007  
P109,2004,Ang Hiok Gai,PKR,29419 

P110,2008,Ch'ng Toh Eng,MCA,20289 
P110,2008,Charles Santiago,DAP,37990  
P110,2004,Datin Paduka Dr Tan Yee Kew,MCA,32138  
P110,2004,Dr Wong Ang Peng,DAP,18857 

P111,2008,S.Vigneswaran,MIC,17879 
P111,2008,Dr. Siti Mariah Mahmud,PAS,38630  
P111,2004,S Vigneswaran,MIC,24376  
P111,2004,Dr Mariah Mahmud,PAS,16137 
P111,2004,T Krisnasami,Ind,3608

P112,2008,Dato Hj Sulaiman b Mohd Karli,UMNO,25698 
P112,2008,Abdullah Sani bin Abdul Hamid,PKR,26687  
P112,2004,Datuk Dr Shafie Mohd Salleh,UMNO,34118  
P112,2004,Zulkifli Noordin,PKR,12623 

P113,2008,Dato Mohd Zin Mohamed,UMNO,26381  
P113,2008,Mohamed Makki Ahmad,PAS,21532 
P113,2004,Datuk Mohd Zin Mohamed,UMNO,30755  
P113,2004,Mohamed Makki Ahmad,PAS,11918 

P114,2008,Lau Hoi Keong,GERAKAN,11704 
P114,2008,Dr Tan Seng Giaw,DAP,35552  
P114,2004,Ma Woei Chyi,GERAKAN,21428 
P114,2004,Dr Tan Seng Giaw,DAP,23282  

P115,2008,Lim Si Pin,GERAKAN,20330 
P115,2008,Chua Tian Chang,PKR,29785  
P115,2004,Ng Lip Yong @ Ng Lip Sat,GERAKAN,28718  
P115,2004,Chua Tian Chang,PKR,17201 

P116,2008,Yew Teong Look,MCA,19487 
P116,2008,Wee Choo Keong,PKR,19637  
P116,2004,Yew Teong Look,MCA,23135  
P116,2004,Sahri Bahari,PKR,12950 

P117,2008,Ma Woei Chyi,GERAKAN,17314 
P117,2008,Lim Lip Eng,DAP,25046  
P117,2004,Dr Tan Kee Kwong,GERAKAN,28061  
P117,2004,Kuan Perk Siong,DAP,11093 

P118,2008,Zulhasnan Rafique,UMNO,25489  
P118,2008,Ibrahim Yaakob,PKR,17355 
P118,2004,Datuk Zulhasnan Rafique,UMNO,27757  
P118,2004,Mejar (B) Abdul Rashid Hassan Basri,PAS,8088 

P119,2008,Aziz Jamaluddin Mohd Tahir,UMNO,15885 
P119,2008,Dr Lo' Lo' Mohd Ghazali,PAS,17857  
P119,2004,Datuk Astaman Abdul Aziz,UMNO,22910  
P119,2004,Mohamad Noor Mohamad,PAS,11095 

P120,2008,Lee Chong Meng,MCA,12534 
P120,2008,Fong Kui Lun,DAP,26811  
P120,2004,Tan Chew Mooi,MCA,18799 
P120,2004,Fong Kui Lun,DAP,19103  
P120,2004,Wee Choo Keong,MDP,1107
P120,2004,Billi Lim Peng Soon,Ind,132

P121,2008,Datuk Seri Shahrizat Abdul Jalil,UMNO,18833 
P121,2008,Nurul Izzah Anwar,PKR,21728  
P121,2008,N Periasamy,IND,489
P121,2004,Datuk Seri Shahrizat Abdul Jalil,UMNO,26474  
P121,2004,Sanusi Osman,PKR,11186 

P122,2008,Carol Chew Chee Lin,MCA,10738 
P122,2008,Teresa Kok Suh Sim,DAP,47230  
P122,2004,Chin Yen Foo,MCA,20302 
P122,2004,Teresa Kok Suh Sim,DAP,33197  

P123,2008,Jeffrey Goh Sim Ik,MCA,10953 
P123,2008,Tan Kok Wai,DAP,39253  
P123,2004,Lee Boon Kok,MCA,17195 
P123,2004,Tan Kok Wai,DAP,29056  

P124,2008,Tan Chai Ho,MCA,25608 
P124,2008,Abdul Khalid Ibrahim,PKR,28123  
P124,2004,Datuk Tan Chai Ho,MCA,33223  
P124,2004,Dr Rosli Ibrahim,PKR,15696 

P125,2008,Tengku Adnan Tengku Mansor,UMNO,4038  
P125,2008,Mohammad Nor Mohamad,PAS,1304 
P125,2004,Datuk Tengku Adnan Tengku Mansor,UMNO,4086  
P125,2004,Abdul Rahman Othman,PKR,540 

P126,2008,Datuk Seri Dr Rais Yatim,UMNO,19737  
P126,2008,Norman Ipin,PAS,8127 
P126,2004,Datuk Seri Dr Rais Yatim,UMNO,20650  
P126,2004,Dr Rosli Yaakop,PAS,5870 

P127,2008,Datuk Lilah Yasin,UMNO,25294  
P127,2008,Siti Meriam Naan,PAS,12974 
P127,2004,Tan Sri Mohamed Isa Abdul Samad,UMNO,26360  
P127,2004,Mohamad Fozi Mohd Zin,PAS,9280 

P128,2008,Datuk Yu Chok Tow,MCA,29022 
P128,2008,John Fernandez,DAP,32970  
P128,2004,Datuk Hon Choon Kim,MCA,36542  
P128,2004,Choong Yen Loong,DAP,20306 

P129,2008,Datuk Hassan Malek,UMNO,20417  
P129,2008,Annuar Mohd Salleh,PKR,10409 
P129,2004,Datuk Hasan Malek,UMNO,22105  
P129,2004,Annuar Mohd Saleh,PKR,8763 

P130,2008,Datuk Dr Yeow Chai Thiam,MCA,21120 
P130,2008,Loke Siew Fook,DAP,34271  
P130,2004,Datuk Goh Siow Huat,MCA,25009  
P130,2004,Chan Su Sann,DAP,20446 

P131,2008,Khairy Jamaluddin Abu Bakar,UMNO,26525  
P131,2008,Badrul Hisham Shaharin,PKR,20779 
P131,2004,Datuk Firdaus Muhammad Rom Harun,UMNO,28664  
P131,2004,Dr Dzulkefli Ahmad,PAS,10008 

P132,2008,Datuk S. Sothinathan,MIC,20544 
P132,2008,Kamarul Baharin Abbas,PKR,23348  
P132,2008,Mohd Rashid Arshad,IND,601
P132,2004,S Sothinathan,MIC,28494  
P132,2004,Ab Manap Sahardin,PKR,10717 

P133,2008,Datuk Shaziman Abu Mansor,UMNO,24022  
P133,2008,Abdul Razakek Abdul Rahim,PAS,10943 
P133,2004,Datuk Shaziman Abu Mansor,UMNO,23936  
P133,2004,Abdul Razakek Abdul Rahim,PAS,5852 

P134,2008,Datuk Wira Abu Seman Yusop,UMNO,21582  
P134,2008,Ab. Ghani Ab. Rahman,PAS,9297 
P134,2004,Datuk Wira Abu Seman Yusop,UMNO,24188  
P134,2004,Muhamad Burok,PAS,5789 

P135,2008,Datuk Seri Fong Chan Onn,MCA,26354  
P135,2008,Tan Lay Siang,DAP,13470 
P135,2004,Datuk Dr Fong Chan Onn,MCA,29920  
P135,2004,Goh Leong San,DAP,7372 

P136,2008,Datuk Idris Haron,UMNO,30460  
P136,2008,Zainon Jaafar,PKR,15960 
P136,2004,Idris Haron,UMNO,33039  
P136,2004,Shamsul Iskandar Mohd Akin,PKR,8595 

P137,2008,Datuk Md Sirat Abu,UMNO,30975  
P137,2008,Khalid Jaafar,PKR,29217 
P137,2004,Datuk Dr Mohd Ruddin Abdul Ghani,UMNO,39491  
P137,2004,Khalid Jaafar,PKR,12239 

P138,2008,Wong Nai Chee,MCA,27250 
P138,2008,Sim Tong Him,DAP,38640  
P138,2004,Wong Nai Chee,MCA,31217  
P138,2004,Kerk Kim Hock,DAP,30998 

P139,2008,Datuk Wira Ahmad Hamzah,UMNO,28101  
P139,2008,Zulkefly Othman,PKR,15373 
P139,2004,Mohd Said Yusof,UMNO,31198  
P139,2004,Jasme Tompang,PAS,9864 

P140,2008,Dr S. Subramaniam,MIC,15921  
P140,2008,Pang Hok Liong,DAP,12930 
P140,2004,Dr S Subramaniam,MIC,17953  
P140,2004,Pang Hok Liong,DAP,10144 

P141,2008,Baharum Mohamed,UMNO,17979  
P141,2008,Zulkaply Salleh,PKR,8112 
P141,2004,Baharum Mohamed,UMNO,19628  
P141,2004,Zulkapli bin Salleh,PKR,4786 

P142,2008,Chua Tee Yong,MCA,13658  
P142,2008,Teo Eng Ching,DAP,9564 
P142,2004,Datuk Dr Chua Soi Lek @ Chua Kin Seng,MCA,16469  
P142,2004,Tee Gey Yan,DAP,5740 

P143,2008,Tan Sri Muhyiddin Md Yassin,UMNO,21028  
P143,2008,Mohd Rozali Jamil Al-Hafiz,PAS,8447 
P143,2004,Tan Sri Muhyiddin Mohd Yassin,UMNO,23679  
P143,2004,Mohamed Anang,PAS,4932 

P144,2008,Hamim Samuri,UMNO,25319  
P144,2008,Lee Fu Haw,DAP,17702 
P144,2004,Hamim Samuri,UMNO,30967  
P144,2004,Kasim Ibrahim,PAS,9296 

P145,2008,Tay Puay Chuan,MCA,20329 
P145,2008,Er Teck Hwa,DAP,21051  
P145,2004,Datuk Chua Jui Meng,MCA,29320  
P145,2004,Azhari Ismail,DAP,10261 

P146,2008,Razali Ibrahim,UMNO,16986  
P146,2008,Nah Budin,PKR,12325 
P146,2004,Razali Ibrahim,UMNO,21116  
P146,2004,Mohamad Taib,PAS,7701 

P147,2008,Datuk Noraini Ahmad,UMNO,26066  
P147,2008,Faisal Ali,PAS,12467 
P147,2004,Syed Hood Syed Edros,UMNO,26974  
P147,2004,Suhaizan Kaiat,PAS,9788 

P148,2008,Dr. Wee Ka Siong,MCA,20230  
P148,2008,Hussin Sujak,PAS,6321 
P148,2004,Dr Wee Ka Siong,MCA,20065  
P148,2004,Mohd Zamri Mat Taksis,PAS,4302 

P149,2008,Datuk Mohamad Aziz,UMNO,19641  
P149,2008,Ali Markom,PKR,8767 
P149,2004,Datuk Mohamad Aziz,UMNO,21512  
P149,2004,Dr Ahmad Faidi Saidi,PKR,5316 

P150,2008,Mohd. Puad Zarkashi,UMNO,32593  
P150,2008,Muhammad Abdullah,PKR,19625 
P150,2004,Dr Junaidy And Wahab,UMNO,38982  
P150,2004,Mohamed Hanipa Maidin,PAS,9880 

P151,2008,Liang Teck Meng,GERAKAN,16450  
P151,2008,Atan Gombang,PAS,8597 
P151,2004,Datuk Seri Kerk Choo Ting,GERAKAN,18997  
P151,2004,Atan Gombang,PAS,4842 

P152,2008,Hou Kok Chung,MCA,27970  
P152,2008,Ng Lam Hua,DAP,24189 
P152,2004,Hoo Seong Chang,MCA,33001  
P152,2004,Ng Lam Hua,DAP,14303 

P153,2008,Datuk Seri Hishammuddin Tun Hussein,UMNO,17988  
P153,2008,Lee Sang,PKR,6418 
P153,2004,Datuk Hishamuddin Tun Hussein,UMNO,19575  
P153,2004,Onn Jaafar,PAS,2597 

P154,2008,Datuk Dr Abdul Latiff Ahmad,UMNO,20116  
P154,2008,Shahar Abdullah,PAS,6380 
P154,2004,Datuk Abdul Latiff Ahmad,UMNO,19222  
P154,2004,Idris Tukachil,PAS,4649 

P155,2008,Datuk Halimah Mohamed Sadique,UMNO,19031  
P155,2008,Salleh Farmin,PAS,4982 
P155,2004,Datuk Dr Adham Baba,UMNO,19706  
P155,2004,Salleh Farmin,PAS,2618 

P156,2008,Datuk Seri Syed Hamid Albar,UMNO,22682  
P156,2008,Onn Jaafar,PAS,3721 
P156,2004,Datuk Syed Hamid Albar,UMNO,1  
P156,2004,Uncontested,None,0 

P157,2008,Datuk Seri Azalina Othman Said (walkover),UMNO,0  
P157,2004,Datuk Azalina Othman Said,UMNO,1  
P157,2004,Uncontested,None,0 

P158,2008,Ling Ban San @ Teng Boon Soon,MCA,30 
P158,2008,Roslaini Sarif,PAS,16124  
P158,2004,Ling Ban San @ Teng Boon Soon,MCA,32071  
P158,2004,Yaakob Mohd Yusof,PAS,6060 

P159,2008,Datuk Seri Mohamed Khaled Nordin,UMNO,35849  
P159,2008,Md Rizan Mohd Saman,PKR,18568 
P159,2004,Datuk Mohamed Khaled Nordin,UMNO,38123  
P159,2004,A Razak Ahmad,PKR,7002 

P160,2008,Datuk Shahrir Abdul Samad,UMNO,43143  
P160,2008,Hassan Karim,PRM,17794 
P160,2004,Datuk Shahrir Abdul Samad,UMNO,54073  
P160,2004,Atan Ahmad,PAS,7281 

P161,2008,Datuk Nur Jazlan Mohamed,UMNO,38036  
P161,2008,Abdullah Ideris,PAS,17587 
P161,2004,Datuk Nur Jazlan Tan Sri Mohamad,UMNO,42406  
P161,2004,Nasir Wahab,PAS,7480 

P162,2008,Tan Ah Eng,MCA,33630  
P162,2008,Dr. Zaliha Mustafa,PKR,24779 
P162,2004,Tan Ah Eng,MCA,41001  
P162,2004,Song Sing Kwee,PKR,9335 

P163,2008,Ong Ka Ting,MCA,32017  
P163,2008,Ng Pak Siong,DAP,20273 
P163,2004,Lim Si Cheng,MCA,32278  
P163,2004,Ong Kow Meng,DAP,14134 

P164,2008,Ahmad Maslan,UMNO,23121  
P164,2008,Mohd Annuar Mohd Salleh,PKR,8677 
P164,2004,Hasni Mohamad,UMNO,26667  
P164,2004,Hassan Abdul Karim,PKR,5509 

P165,2008,Wee Jeck Seng,MCA,23302  
P165,2008,Ahmad Ton,DAP,10931 
P165,2004,Datuk Seri Ong Ka Ting,MCA,28046  
P165,2004,Tan Hang Meng,DAP,4431 

P166,2008,Yusof Mahal,UMNO,10471  
P166,2008,Matusin Abdul Rahman,PAS,1106 
P166,2008,Lau Seng Kiat,IND,2014
P166,2004,Datuk Suhaili Abdul Rahman,UMNO,11087  
P166,2004,Matusin Abdul Rahman,PAS,3186 

P167,2008,Datuk Abdul Rahim Bakri,UMNO,17634  
P167,2008,Yahya Othman,PKR,7739 
P167,2004,Datuk Abdul Rahim Bakri,UMNO,13236  
P167,2004,Orong Sahap,IND,6488 
P167,2004,Datu Abdul Razak Abdul Salam,IND,2375

P168,2008,Datuk Dr Maximus Ongkili,PBS,12028  
P168,2008,Anthony Mandiau,PKR,7830 
P168,2008,Roslan Mohd Zain,IND,1109
P168,2008,Bernam Angkap,BERSEKUTU,457
P168,2004,Datuk Dr Maximus Ongkili,PBS,10457  
P168,2004,Anthony Mandiau,IND,7268 

P169,2008,Datuk Abdul Rahman Dahlan,UMNO,17842  
P169,2008,Saidil Simoi,PKR,14822 
P169,2004,Datuk Salleh Tun Said,UMNO,19185  
P169,2004,James Bagah,IND,8956 
P169,2004,Jainin Giau,SETIA,1586

P170,2008,Datuk Wilfred Bumburing,UPKO,17645  
P170,2008,Ansari Abdullah,PKR,11023 
P170,2008,Ajin @ Hazin Gagah,IND,879
P170,2004,Wilfred Madius Tangau,UPKO,17722  
P170,2004,Umsery @ Ansari Abdullah,PKR,8555 

P171,2008,Datuk Eric Enchin Majimbun,SAPP,16884  
P171,2008,Ewol Munji @ Edward Ewol Munji,DAP,3709 
P171,2008,Mohamad Ibrahim @ Paul Kuleling,PKR,5423
P171,2004,Eric Enchin Majimbun,SAPP,16426  
P171,2004,Datin Saidatul Badru Tun Said,PKR,5201 

P172,2008,Chin Teck Ming,PBS,8420 
P172,2008,Christina Liew,PKR,9358 
P172,2008,Hiew King Chiew,DAP,9464
P172,2008,Kong Yu Kiong,IND,341
P172,2004,Dr Yee Moh Chai,PBS,15650  
P172,2004,Hiew King Cheu,DAP,5179 
P172,2004,Christina Liew,PKR,3497

P173,2008,Datuk Dr Marcus Mojigoh,UPKO,13737  
P173,2008,Saukinah Yusof,PKR,7292 
P173,2008,Ramzah Ahmad,IND,918
P173,2004,Datuk Dr Marcus Mojigoh,UPKO,13816  
P173,2004,Awang Ahmad Sah,PKR,5984 

P174,2008,Tan Sri Bernard Giluk Dompok,UPKO,13400  
P174,2008,Dr Edwin Bosi,PKR,10337 
P174,2008,Livired Missih @ Willybroad Missi,PASOK,404
P174,2008,Anthony Tibok,IND,696
P174,2004,Donald Peter Mojuntin,UPKO,16032  
P174,2004,Jomilon Mojountin @ Conrad Mojountin,DAP,3325 
P174,2004,Joseph Sulaiman,IND,960
P174,2004,Blaise Mosidin@Frederick Francis,PKR,927

P175,2008,Rosnah Abdul Rashid Shirlin,UMNO,15352  
P175,2008,Wahab Idris,PKR,5778 
P175,2008,Mohd Hashim Yussup,IND,429
P175,2008,Datuk Patrick Sindu,IND,2268
P175,2004,Rosnah Abdul Abdul Rashid Shirlin,UMNO,1  

P176,2008,Datuk Anifah Aman,UMNO,10242  
P176,2008,Ismail Bongsu,PKR,1615 
P176,2008,Jaafar Ismail,IND,4789
P176,2008,Benjamin Basinta,IND,205
P176,2004,Datuk Anifah Aman,UMNO,9655  
P176,2004,Awang Tengah Awang Amin,PKR,4547 

P177,2008,Datuk Lajim Ukin,UMNO,14780  
P177,2008,Lajim Yusof,PKR,3866 
P177,2004,Azizah Mohd Dun,UMNO,1  

P178,2008,Datuk Sapawi Ahmad,UMNO,11905  
P178,2008,Karim Tassim,PKR,5759 
P178,2004,Datuk Dr Yusof Yacob,UMNO,1  

P179,2008,Datuk Sirigan Gubat,UPKO,14074  
P179,2008,Jonathan Yasin,PKR,6823 
P179,2008,Vitos Mark Koding,PASOK,619
P179,2004,Tan Sri Bernard Dompok,UPKO,7547  
P179,2004,Ruhimin Adzim,IND,1609 
P179,2004,Karim Adam,IND,1609
P179,2004,Japiril Suhaimin,IND,1609

P180,2008,Datuk Seri Joseph Pairin Kitingan,PBS,14598  
P180,2008,Datuk Dr Jeffrey Kitingan,PKR,10334 
P180,2008,Peter Kodou,DAP,560
P180,2004,Datuk Joseph Pairin Kitingan,PBS,1  
P180,2004,Janti@Joseph,IND,0 

P181,2008,Raimie Unggi,UMNO,9535  
P181,2008,Adris Taripin,PKR,2652 
P181,2008,Mutang @ Sylvester Dawat,BERSEKUTU,485
P181,2008,Joh Jimmy @ Richard Joe Jimmy,IND,0
P181,2004,Raimi Unggi,UMNO,8032  
P181,2004,Datuk Laimun Laikin,IND,5628 

P182,2008,Tan Sri Joseph Kurup (won uncontested),PBRS,0  
P182,2004,Bernard S.Maraat,PBRS,5880  
P182,2004,Matin Tomy@Tommy,IND,5272 
P182,2004,Razali Suffian Koroh,SETIA,557

P183,2008,Datuk Ronald Kiandee,UMNO,7090  
P183,2008,Michael @ Radio Luban,PKR,1271 
P183,2008,Petrus Rinning,IND,571
P183,2008,Ramsah Tasim @ Ramsah Tashim,IND,0
P183,2008,Nordin Kaning,IND,0
P183,2004,Ronald Kiandee,UMNO,1  

P184,2008,Datuk Juslie Ajirol,UMNO,13668  
P184,2008,Ahmad Thamrin Jaini,PKR,6139 
P184,2004,Juslie Ajirol,UMNO,13140  
P184,2004,Rajmunni Sabu,PKR,2471 

P185,2008,Datuk Edmund Chong Ket Wah,PBS,9479  
P185,2008,Chong Kwong Wing,IND,5771 
P185,2004,Edmund Chong Ket Wah,PBS,1  
P185,2004,Pg Roslan Pg Nasrun,PKR,0 

P186,2008,Datuk V. K. Liew,LDP,8297  
P186,2008,Chong Chu Lin @ Shanty,DAP,8121 
P186,2008,Fong Vun Fui,IND,2929
P186,2004,Lau Ngan Siew,LDP,8208 
P186,2004,Chong Hon Min,IND,9538  
P186,2004,Liew Teck Khen @ Liaw Tech King,PASOK,543

P187,2008,Datuk Bung Moktar Radin,UMNO,8507  
P187,2008,Ahmad Abdul,PKR,2181 
P187,2008,Dasim @ Ricky Jikah,UMNO,1515
P187,2004,Bung Mokthar Radin,UMNO,1  

P188,2008,Salleh Kalbi,UMNO,18111  
P188,2008,Datuk Seri Panglima Dr Hasbullah Taha,PKR,8319 
P188,2004,Samsu Baharom Abdul Rahman,UMNO,16613  
P188,2004,Shamsuri Baharuddin,PKR,5865 

P189,2008,Datuk Shafie Apdal,UMNO,19419  
P189,2008,Abdul Azis Abdul Hamid,PKR,1957 
P189,2004,Datuk Shafie Apdal,UMNO,13970  
P189,2004,Noraida Abdul Salleh,IND,1162 
P189,2004,Mohd Abdul Wahab Pg Abdullah,PKR,676
P189,2004,Aldari Landi,IND,0

P190,2008,Datuk Dr Chua Soon Bui,SAPP,13943  
P190,2008,Chan Foong Hin,DAP,9076 
P190,2008,Berhan @ Birhan Ruslan,PKR,3278
P190,2004,Shim Paw Fatt,SAPP,1  

P191,2008,Datuk Abdul Ghapur Salleh (won uncontested),UMNO,0  
P191,2004,Abdul Ghapur Salleh,UMNO,1  

P192,2008,Datuk Dr Tiki Lafe,SPDP,8551  
P192,2008,Apin Baeng,IND,306 
P192,2008,Dr Patau Rubis,SNAP,4250
P192,2008,Fabian Tinseng,IND,1476
P192,2004,Tekhee@Tiki ak Lafe,SPDP,10579  
P192,2004,Dr Patau Rubis,SNAP,7867 

P193,2008,Datuk Wan Junaidi Tuanku Jaafar,PBB,15800  
P193,2008,Rahamat Idil Latip,PKR,3855 
P193,2004,Datuk Wan Junaidi Tuanku Jaafar,PBB,12590  
P193,2004,Idris bin Bohari,IND,2030 

P194,2008,Fadillah Yusof,PBB,19515  
P194,2008,Mohamad Jolhi,PKR,5118 
P194,2004,Fadillah Yusof,PBB,18236  
P194,2004,Wan Zainal Abidin Wan Senusi,PKR,5420 

P195,2008,Sim Yaw Yen,SUPP,12949 
P195,2008,Chong Chieng Jen,DAP,22901  
P195,2004,Chong Chieng Jen,DAP,17914  
P195,2004,Wee Kok Tiong,SUPP,15873 

P196,2008,Datuk Yong Khoon Seng,SUPP,21966  
P196,2008,Voon Lee Shan,DAP,18896 
P196,2008,See Chee How,PKR,2198
P196,2004,Datuk Yong Khoon Seng,SUPP,21155  
P196,2004,Voon Lee Shan,DAP,13424 

P197,2008,Sulaiman Abdul Rahman Abdul Taib,PBB,15559  
P197,2008,Hussain Bin Apok,PKR,4148 
P197,2008,Abu Bakar Awang Dawos,IND,898
P197,2004,Abdul Taib Mahmud,PBB,1  

P198,2008,Datuk James Dawos Mamit,PBB,14182  
P198,2008,Majen Ak Panyog,PKR,7525 
P198,2004,Dr James Dawos Mamit,PBB,15368  
P198,2004,Mangan Ngandok,STAR,6270 

P199,2008,Datuk Richard Riot Jaem,SUPP,15793  
P199,2008,Sylvester Belayong,SNAP,2366 
P199,2004,Richard Riot Jaem,SUPP,13960  
P199,2004,Henry Genailanggie,IND,4265 

P200,2008,Nancy Shukri,PBB,8183  
P200,2008,Piee Ling,PKR,2758 
P200,2004,Datuk Seri Adenan Satem,PBB,10767  
P200,2004,Adam Ahid,PAS,1035 

P201,2008,Datuk Rohani Abdul Karim,PBB,11015  
P201,2008,Abang Eddy Allyanni,PAS,2923 
P201,2008,Ali Semsu,IND,250
P201,2004,Datuk Rohanie Abdul Karim (walkover),PBB,1  

P202,2008,Masir Kujat,PRS,9700  
P202,2008,Cobbold Lusoi,IND,5448 
P202,2004,Jimmy Donald,PBDS,9679  
P202,2004,Cobbold Lusoi,IND,5311 

P203,2008,William Nyallau Badak,PRS,6769  
P203,2008,Nicholas Bawin,IND,5159 
P203,2004,Jawah anak Gerang,PBDS,6962  
P203,2004,William Nyallau Badak,IND,4927 

P204,2008,Datuk Douglas Uggah Embas,PBB,13708  
P204,2008,Edmond Stanley Jugol,SNAP,1999 
P204,2004,Datuk Douglas Uggah Embas,PBB,11618  
P204,2004,Abang Zulkifli Abang Engkeh,SNAP,1895 

P205,2008,Jelaing Mersat,SPDP,12470  
P205,2008,Mohd Yahya Abdullah,PKR,3764 
P205,2004,Jelaing Mersat,SPDP,11995  
P205,2004,Edmond Stanley Jugol,SNAP,4450 

P206,2008,Norah Tun Abdul Rahman (Walkover),PBB,0  
P206,2004,Datuk Wahab Dolah (walkover),PBB,0  

P207,2008,BN-PBB walkover,PBB,0  

P208,2008,Ding Kuong Hiing,SUPP,10588  
P208,2008,Dr wong Hua Seh,DAP,10537 
P208,2008,Lau Kain Chai,IND,116
P208,2008,Kung Chin Chin,IND,545
P208,2008,Ngu Tieng Hai,IND,105
P208,2004,Datuk Seri Law Hieng Ding,SUPP,15485  
P208,2004,Juna anak Jawek,IND,3886 
P208,2004,Ling Bit Tiing,IND,1667
P208,2004,Ngu Tieng Hai,IND,864

P209,2008,Datuk Joseph Salang Gandum,PRS,10351  
P209,2008,Ambrose Labang Jamba,PKR,2767 
P209,2004,Datuk Joseph Salang Gandum,PBDS,8388  
P209,2004,Josephine Randum Mawat,IND,5700 

P210,2008,Ago Dagang (Walkover),PRS,0  
P210,2004,Aaron Ago Dagang,PBDS,6438  
P210,2004,Frederick Bungsu Janton,IND,4381 

P211,2008,Datuk Tiong Thai King,SUPP,19476  
P211,2008,Wong Kee Woan,DAP,14612 
P211,2004,Tiong Thai King,SUPP,14895  
P211,2004,David Wong Kee Woan,DAP,10174 

P212,2008,Datuk Robert Lau Hoi Chew,SUPP,19138  
P212,2008,Wong Ho Leng,DAP,15903 
P212,2008,Lim Chin Chuang,PKR,812
P212,2004,Datuk Robert Lau Hoi Chew,SUPP,20689  
P212,2004,Wong Ho Leng,DAP,17344 

P213,2008,Datuk Seri Muhd Leo Michael Toyad,PBB,10090  
P213,2008,Hai Merawin,IND,3792 
P213,2004,Datuk Dr. Leo Michael Toyad,PBB,11829  
P213,2004,Mohamad @ Latip Rahman,IND,2651 

P214,2008,Joseph Entulu Belaun (Walkover),PRS,0  
P214,2004,Joseph Entulu Belaun,PBDS,7876  
P214,2004,Liman Sujang,SNAP,4260 

P215,2008,Alexander Nanta Linggi (walkover),PBB,0  
P215,2004,Alexander Nanta Linggi,PBB,1  

P216,2008,Abit Joo @ Billy Abit Joo,PRS,6590  
P216,2008,George Lagong,IND,4426 
P216,2004,Abit Joo @ Billy Abit Joo,PBDS,6949  
P216,2004,Bendindang Manjah,SNAP,3283 

P217,2008,Datuk Seri Tiong King Sing,SPDP,23628  
P217,2008,Lim Su Kien,DAP,8663 
P217,2004,Datuk Seri Tiong King Sing,SPDP,20225  
P217,2004,Chiew Chiu Sing,DAP,8958 
P217,2004,Dr Lau Hing Kii,SNAP,2583

P218,2008,Ahmad Lai Bujang,PBB,8238  
P218,2008,Dr Teo Yu Keng,PKR,4590 

P219,2008,Datuk Peter Chin Fah Kui,SUPP,19354  
P219,2008,Fong Pau Teck,DAP,14138 
P219,2004,Peter Chin Fah Kui,SUPP,1  

P220,2008,Datuk Jacob Dungau Sagan,SPDP,7996  
P220,2008,Kebing Wan,SNAP,3952 
P220,2004,Datuk Jacob Dungau Sagan,SPDP,7551  
P220,2004,Kabing Wan,SNAP,4241 

P221,2008,Hasbi Habibollah,PBB,6427  
P221,2008,Lau Liat Koi,PKR,5751 

P222,2008,Henry Sum Agong (walkover),PBB,8526  

